categorie,pozitie
administratie,administrator-de-contracte
administratie,arhivar-administrator-registratura
administratie,asistent-manager
administratie,coordonator-proiecte
administratie,functionar-introducere-date
administratie,manager-pentru-diversitate-egalitate-si-incluziune
administratie,office-manager
administratie,operator-calculator-back-office-agent
administratie,operator-introducere-date
administratie,operator-telefonic
administratie,receptioner
administratie,receptioner-sef
administratie,secretar
administratie,specialist-achizitii
administratie,specialist-csr
administratie-publica-autoguvernare,asociat
administratie-publica-autoguvernare,asociat-expert-independent
administratie-publica-autoguvernare,asociat-senior
administratie-publica-autoguvernare,consultant
administratie-publica-autoguvernare,consultant-generalist
administratie-publica-autoguvernare,consultant-independent
administratie-publica-autoguvernare,consultant-sef
administratie-publica-autoguvernare,consultant-specialist
administratie-publica-autoguvernare,controlor-sef
administratie-publica-autoguvernare,director-de-departament
administratie-publica-autoguvernare,functionar
administratie-publica-autoguvernare,functionar-independent
administratie-publica-autoguvernare,functionar-sef
administratie-publica-autoguvernare,functionar-specialist
administratie-publica-autoguvernare,inspector
administratie-publica-autoguvernare,ofiter-vamal
administratie-publica-autoguvernare,secretara
agricultura-industria-alimentara,brutar
agricultura-industria-alimentara,culegator
agricultura-industria-alimentara,inginer-agricol-agronom
agricultura-industria-alimentara,inginer-alimentar
agricultura-industria-alimentara,ingrijitor-animale
agricultura-industria-alimentara,laptar
agricultura-industria-alimentara,macelar
agricultura-industria-alimentara,operator-echipamente-agricole
agricultura-industria-alimentara,patiser-cofetar
agricultura-industria-alimentara,sofer-de-tractor-combina
agricultura-industria-alimentara,specialist-agricultura
agricultura-industria-alimentara,specialist-septel
agricultura-industria-alimentara,tehnician-agronom
agricultura-industria-alimentara,tehnician-alimentar
agricultura-industria-alimentara,tehnolog-alimentar
agricultura-industria-alimentara,tehnolog-in-domeniul-agricol
arte-si-cultura,actor
arte-si-cultura,arheolog
arte-si-cultura,artist-machiaje-peruchier
arte-si-cultura,asistent-garderoba
arte-si-cultura,coregraf
arte-si-cultura,creator-de-efecte-vizuale
arte-si-cultura,curator
arte-si-cultura,dansator
arte-si-cultura,decorator-de-vitrine-decorator
arte-si-cultura,designer
arte-si-cultura,editor-video
arte-si-cultura,fotograf
arte-si-cultura,ghid-in-muzeu-galerie-castel
arte-si-cultura,inginer-de-sunet
arte-si-cultura,lucrator-in-domeniul-cultural
arte-si-cultura,masinist-teatru
arte-si-cultura,model
arte-si-cultura,muzician-de-orchestra
arte-si-cultura,restaurator-specialist-conservare
arte-si-cultura,specialist-de-muzeu
arte-si-cultura,tehnician-iluminat
asigurari,actuar
asigurari,administrator-asigurari
asigurari,agent-de-asigurari
asigurari,ajustor-pierderi
asigurari,broker-de-asigurari
asigurari,functionar-administrare-registre
asigurari,functionar-contabilitate
asigurari,specialist-achizitii-in-domeniul-medical
asigurari,specialist-control-plati-asigurare
asigurari,specialist-dezvoltare-produse
asigurari,specialist-dezvoltare-programe-medicale
asigurari,specialist-reasigurari
asigurari,tehnician-asigurari
asistenta-pentru-clienti,analist-servicii-client
asistenta-pentru-clienti,operator-centru-de-asistenta
asistenta-pentru-clienti,operator-telefonic
asistenta-pentru-clienti,specialist-asistenta-clienti
asistenta-pentru-clienti,supervizor-centru-telefonic
banking,administrator-solicitari
banking,agent-de-bursa
banking,agent-de-vanzari-servicii-bancare-ofiter-de-credite
banking,auditor-intern
banking,consultant-banking
banking,consultant-financiar
banking,consultant-personal-de-servicii-bancare
banking,dealer-specialist-tranzactionare
banking,financial-analyst
banking,functionar-servicii-card
banking,manager-produs-specialist
banking,manager-relatii
banking,ofiter-bancar
banking,operator-plati
banking,specialist-administrativ
banking,specialist-conformitate
banking,specialist-credite
banking,specialist-custodie
banking,specialist-in-lupta-impotriva-spalarii-banilor
banking,specialist-ipotecar
banking,specialist-riscuri
comert,account-manager
comert,administrator-magazin-online
comert,agent-de-achizitii
comert,agent-de-vanzari-auto
comert,agent-pariuri
comert,agent-vanzari
comert,reprezentant-de-vanzari-junior
comert,reprezentant-de-vanzari-senior
comert,asistent-comercial
comert,asistent-promotii
comert,business-analyst
comert,casier
comert,consultant-vanzari
comert,decorator-vitrine
comert,director-adjunct-magazin
comert,functionar-departament-sesizari
comert,functionar-distributie
comert,functionar-la-pariuri
comert,functionar-vanzari
comert,inginer-vanzari
comert,key-account-manager
comert,lucrator-comercial
comert,manager-de-magazin-operatiuni
comert,manager-de-produs
comert,manager-de-vanzari
comert,manager-departament-magazin
comert,manager-e-commerce
comert,merchandiser-vizual
comert,operator-vanzari-prin-telefon
comert,specialist-e-commerce
comert,vanzator
conducere-management-de-nivel-superior,director-administrativ
conducere-management-de-nivel-superior,director-centru-telefonic
conducere-management-de-nivel-superior,director-de-editura
conducere-management-de-nivel-superior,director-de-laborator
conducere-management-de-nivel-superior,director-de-logistica
conducere-management-de-nivel-superior,director-de-marketing
conducere-management-de-nivel-superior,director-de-productie
conducere-management-de-nivel-superior,director-de-scoala
conducere-management-de-nivel-superior,director-de-sucursala
conducere-management-de-nivel-superior,director-de-vanzari-director-comercial
conducere-management-de-nivel-superior,director-economic
conducere-management-de-nivel-superior,director-general
conducere-management-de-nivel-superior,director-it
conducere-management-de-nivel-superior,director-servicii-de-securitate
conducere-management-de-nivel-superior,director-tehnic
conducere-management-de-nivel-superior,directorul-fabricii
conducere-management-de-nivel-superior,manager-de-operatiuni
conducere-management-de-nivel-superior,manager-de-personal
conducere-management-de-nivel-superior,manager-institutie-medicala
conducere-management-de-nivel-superior,manager-iso-controlul-calitatii
conducere-management-de-nivel-superior,manager-regional
conducere-management-de-nivel-superior,manager-director-pe-tara
constructii-si-imobiliare,administrator-proprietati-imobiliare
constructii-si-imobiliare,alpinist-utilitar
constructii-si-imobiliare,arhitect
constructii-si-imobiliare,arhitect-peisagist
constructii-si-imobiliare,consultant-imobiliar
constructii-si-imobiliare,designer-de-interior
constructii-si-imobiliare,evaluator-control-proprietati-imobiliare
constructii-si-imobiliare,evaluator-imobiliar
constructii-si-imobiliare,geolog
constructii-si-imobiliare,inginer-constructor-pentru-achizitii-publice
constructii-si-imobiliare,inginer-de-proiectare
constructii-si-imobiliare,inginer-instalatii-civil
constructii-si-imobiliare,inginer-structuri-constructii
constructii-si-imobiliare,inginer-topograf
constructii-si-imobiliare,inspector-cantitati
constructii-si-imobiliare,lucrator-finisaje-constructii
constructii-si-imobiliare,lucrator-intretinere-mentenanta
constructii-si-imobiliare,manager-constructii
constructii-si-imobiliare,manager-de-proiect
constructii-si-imobiliare,masinist-mecanic
constructii-si-imobiliare,mecanic-refrigerare
constructii-si-imobiliare,mentenanta-imobiliara
constructii-si-imobiliare,mester-lucrator-in-piatra
constructii-si-imobiliare,montator-de-schele
constructii-si-imobiliare,montator-tevi
constructii-si-imobiliare,montator-asamblor
constructii-si-imobiliare,muncitor-in-constructii
constructii-si-imobiliare,operator-macara
constructii-si-imobiliare,operator-montare-placi-de-asfalt
constructii-si-imobiliare,operator-prelucrare-fier
constructii-si-imobiliare,operator-unitate-de-constructii
constructii-si-imobiliare,specialist-cad
constructii-si-imobiliare,sudor
constructii-si-imobiliare,tamplar
constructii-si-imobiliare,tehnician-constructii
constructii-si-imobiliare,tehnician-de-proiectare
constructii-si-imobiliare,tiglar
constructii-si-imobiliare,zidar
constructii-si-imobiliare,zugrav
drept-si-legislatie,agent-ofiter-de-politie
drept-si-legislatie,asistent-juridic
drept-si-legislatie,avocat
drept-si-legislatie,judecator
drept-si-legislatie,jurisconsult-avocat-pledant
drept-si-legislatie,jurist
drept-si-legislatie,notar
drept-si-legislatie,ofiter-administrativ
drept-si-legislatie,ofiter-de-politie-in-pregatire
drept-si-legislatie,procuror
economie-finante-contabilitate,accounts-payable
economie-finante-contabilitate,accounts-receivable
economie-finante-contabilitate,adjunct-contabil-sef
economie-finante-contabilitate,agent-financiar
economie-finante-contabilitate,analist-date
economie-finante-contabilitate,asistent-auditor
economie-finante-contabilitate,asistent-consultant-fiscal
economie-finante-contabilitate,asistent-de-control-financiar
economie-finante-contabilitate,auditor
economie-finante-contabilitate,casier
economie-finante-contabilitate,consultant
economie-finante-contabilitate,consultant-financiar
economie-finante-contabilitate,consultant-fiscal
economie-finante-contabilitate,contabil
economie-finante-contabilitate,contabil-junior
economie-finante-contabilitate,expert-contabil
economie-finante-contabilitate,contabil-costuri
economie-finante-contabilitate,contabil-sef
economie-finante-contabilitate,controler
economie-finante-contabilitate,economist
economie-finante-contabilitate,financial-analyst
economie-finante-contabilitate,functionar-stat-de-plata
economie-finante-contabilitate,specialist-facturare-si-plati
economie-finante-contabilitate,specialist-ifrs
economie-finante-contabilitate,specialist-in-piete-financiare
economie-finante-contabilitate,specialist-raportare
economie-finante-contabilitate,specialist-tva
economie-finante-contabilitate,statistician
economie-finante-contabilitate,statistician-junior
economie-finante-contabilitate,statistician-senior
economie-finante-contabilitate,treasury-specialist
educatie-stiinta-si-cercetare,antrenor-sportiv
educatie-stiinta-si-cercetare,arheolog
educatie-stiinta-si-cercetare,asistent-profesor-la-scoala-de-asistente
educatie-stiinta-si-cercetare,asistent-universitar
educatie-stiinta-si-cercetare,bibliotecar
educatie-stiinta-si-cercetare,biolog
educatie-stiinta-si-cercetare,cercetator-om-de-stiinta
educatie-stiinta-si-cercetare,coordonator-educatie
educatie-stiinta-si-cercetare,director-adjunct
educatie-stiinta-si-cercetare,director-cantina-scolara
educatie-stiinta-si-cercetare,educator
educatie-stiinta-si-cercetare,educator-instructor-ingrijitor
educatie-stiinta-si-cercetare,ingrijitor-scolar
educatie-stiinta-si-cercetare,instructor-auto
educatie-stiinta-si-cercetare,instructor-de-fitness
educatie-stiinta-si-cercetare,lector
educatie-stiinta-si-cercetare,lector-universitar
educatie-stiinta-si-cercetare,master-in-educatie-vocationala
educatie-stiinta-si-cercetare,pedagog
educatie-stiinta-si-cercetare,profesor
educatie-stiinta-si-cercetare,profesor-asistent
educatie-stiinta-si-cercetare,profesor-de-scoala-gimnaziala-liceu
educatie-stiinta-si-cercetare,profesor-de-scoala-primara
educatie-stiinta-si-cercetare,profesor-la-scoli-de-muzica-si-arte
educatie-stiinta-si-cercetare,profesor-particular
educatie-stiinta-si-cercetare,profesor-pentru-elevi-cu-nevoi-speciale
educatie-stiinta-si-cercetare,profesor-universitar
educatie-stiinta-si-cercetare,psiholog
educatie-stiinta-si-cercetare,tehnician-de-laborator
industria-auto,electrician-auto
industria-auto,electromecanic
industria-auto,inginer-de-proiectare
industria-auto,inginer-mentenanta
industria-auto,inginer-procese
industria-auto,inspector-controlor-calitate
industria-auto,mecanic-auto
industria-auto,mecanic-caroserie-auto
industria-auto,montator-anvelope
industria-auto,montator-geamuri-auto
industria-auto,reparator
industria-auto,tapiter-auto
industria-auto,tehnician-de-diagnosticare
industria-auto,tehnician-mecatronica
industria-auto,tehnolog
industria-auto,vopsitor-auto
industria-chimica,chimist
industria-chimica,inginer-chimist
industria-chimica,tehnician-laborator-chimie
industria-chimica,tehnolog
industria-farmaceutica,asistent-farmacist
industria-farmaceutica,asociat-cercetari-clinice
industria-farmaceutica,consultant-medical
industria-farmaceutica,farmacist
industria-farmaceutica,farmacist-diriginte
industria-farmaceutica,manager-afaceri-normative
industria-farmaceutica,manager-date-clinice
industria-farmaceutica,manager-produse-farmaceutice
industria-farmaceutica,reprezentant-vanzari-medicale-farmaceutice
industria-farmaceutica,specialist-in-probleme-normative-si-de-reglementare
industria-farmaceutica,specialist-in-siguranta-medicamentelor
industria-farmaceutica,tehnician-de-laborator-de-farmaceutice
industria-prelucrarii-lemnului,cherestegiu-taietor-de-lemne
industria-prelucrarii-lemnului,dulgher
industria-prelucrarii-lemnului,ebenist
industria-prelucrarii-lemnului,inginer-de-proiectare
industria-prelucrarii-lemnului,inginer-prelucrarea-lemnului
industria-prelucrarii-lemnului,operator-masina-de-pilit
industria-prelucrarii-lemnului,tapiter
industria-prelucrarii-lemnului,tehnician-prelucrarea-lemnului
industriile-prestarii-de-servicii,arhitect-peisagist
industriile-prestarii-de-servicii,aurar-bijutier
industriile-prestarii-de-servicii,bicicleta-mecanica
industriile-prestarii-de-servicii,colector-deseuri
industriile-prestarii-de-servicii,cosmetician
industriile-prestarii-de-servicii,florar
industriile-prestarii-de-servicii,fochist
industriile-prestarii-de-servicii,gradinar
industriile-prestarii-de-servicii,instalator
industriile-prestarii-de-servicii,lucrator-de-servicii-funerare
industriile-prestarii-de-servicii,lucrator-intretinere
industriile-prestarii-de-servicii,lucrator-la-spalatorie-auto
industriile-prestarii-de-servicii,menajera
industriile-prestarii-de-servicii,operator-benzinarie
industriile-prestarii-de-servicii,operator-sala-de-jocuri-cazinou
industriile-prestarii-de-servicii,stilist-de-imagine-stilist-servicii-de-infrumusetare
industriile-prestarii-de-servicii,stilist-salon-coafura
industriile-prestarii-de-servicii,supervizor-menaj
industriile-prestarii-de-servicii,tehnician-pedichiura-manichiura
inginerie-electrica-si-energetica,electrician
inginerie-electrica-si-energetica,electrician-aplicatii-industriale
inginerie-electrica-si-energetica,electrician-electronist
inginerie-electrica-si-energetica,electromecanic
inginerie-electrica-si-energetica,inginer-de-proiectare
inginerie-electrica-si-energetica,inginer-depanare
inginerie-electrica-si-energetica,inginer-electric
inginerie-electrica-si-energetica,inginer-in-industria-energiei
inginerie-electrica-si-energetica,inginer-mentenanta
inginerie-electrica-si-energetica,inginer-procese
inginerie-electrica-si-energetica,instalator-lucrari-electrice
inginerie-electrica-si-energetica,operator-aparatura-din-industria-energetica
inginerie-electrica-si-energetica,programator-plc
inginerie-electrica-si-energetica,reparator
inginerie-electrica-si-energetica,tehnician
inginerie-electrica-si-energetica,tehnician-de-proiectare
inginerie-electrica-si-energetica,tehnician-depanare
inginerie-electrica-si-energetica,tehnician-inspectii
inginerie-electrica-si-energetica,tehnolog
inginerie-mecanica,automatist
inginerie-mecanica,fierar
inginerie-mecanica,inginer-de-proiectare
inginerie-mecanica,inginer-depanare
inginerie-mecanica,inginer-mecanic
inginerie-mecanica,inginer-mecanic-diplomat
inginerie-mecanica,inginer-mentenanta
inginerie-mecanica,inginer-procese
inginerie-mecanica,manager-mecanizare
inginerie-mecanica,masinist-mecanic
inginerie-mecanica,metalurg
inginerie-mecanica,montator-asamblor
inginerie-mecanica,operator-cnc
inginerie-mecanica,operator-masina-de-frezat
inginerie-mecanica,planificator-productie
inginerie-mecanica,proiectant-pentru-automatizare
inginerie-mecanica,reglor-aparatura-cnc
inginerie-mecanica,reglor-masinist
inginerie-mecanica,strungar
inginerie-mecanica,sudor
inginerie-mecanica,taietor-operator-slefuire-polizare
inginerie-mecanica,tehnician
inginerie-mecanica,tehnician-de-proiectare
inginerie-mecanica,tehnolog
inginerie-mecanica,tehnolog-sudura
jurnalism-presa-si-media,analist-cercetare-programe
jurnalism-presa-si-media,asistent-de-regie
jurnalism-presa-si-media,asistent-productie-tv-film
jurnalism-presa-si-media,asociat-design
jurnalism-presa-si-media,content-provider
jurnalism-presa-si-media,corector
jurnalism-presa-si-media,director-de-editura
jurnalism-presa-si-media,editor
jurnalism-presa-si-media,editor-de-programe
jurnalism-presa-si-media,editor-foto
jurnalism-presa-si-media,editor-video
jurnalism-presa-si-media,editor-redactor-sef
jurnalism-presa-si-media,grafician
jurnalism-presa-si-media,graphic-designer-junior
jurnalism-presa-si-media,graphic-designer-senior
jurnalism-presa-si-media,inginer-de-sunet
jurnalism-presa-si-media,jurnalist
jurnalism-presa-si-media,legator-de-carti
jurnalism-presa-si-media,manager-de-publicitate
jurnalism-presa-si-media,manager-productie-de-emisie
jurnalism-presa-si-media,operator-camera-de-filmari
jurnalism-presa-si-media,operator-de-imprimanta-3d
jurnalism-presa-si-media,operator-dtp
jurnalism-presa-si-media,prezentator-radio
jurnalism-presa-si-media,prezentator-tv-si-crainic
jurnalism-presa-si-media,producator
jurnalism-presa-si-media,regizor
jurnalism-presa-si-media,reporter
jurnalism-presa-si-media,specialist-distributie-de-emisie
jurnalism-presa-si-media,specialist-planificare-programe
jurnalism-presa-si-media,tehnician-de-emisie
jurnalism-presa-si-media,tehnician-imprimerie
jurnalism-presa-si-media,tipograf
leasing,administrator-solicitari
leasing,consultant-leasing
leasing,director-leasing
leasing,manager-riscuri
management,art-director-director-artistic
management,brand-manager
management,business-development-manager
management,coordonator-comercial
management,director-de-conturi
management,director-de-productie
management,director-de-vanzari
management,director-departament-juridic
management,director-financiar
management,director-inspectii-tehnice-vehicul
management,director-regional-manager-zona
management,director-transporturi
management,diriginte-de-posta
management,gestionar-depozit
management,manager-calitate
management,manager-cazino-online
management,manager-centru-telefonic
management,manager-de-achizitii
management,manager-de-evenimente
management,manager-de-marketing
management,manager-de-mediu-social-guvernare
management,manager-de-produs
management,manager-de-proiect
management,manager-de-proiect-junior
management,manager-de-proiect-senior
management,manager-de-restaurant
management,manager-de-unitate
management,manager-departament-retururi
management,manager-echipamente-de-joc
management,manager-grup-de-afaceri
management,manager-hotelier
management,manager-it
management,manager-logistica
management,manager-parc-auto
management,manager-procese
management,manager-produse-de-pariuri
management,manager-puncte-de-pariere-retail
management,manager-resurse-umane
management,manager-riscuri
management,manager-sala-de-jocuri
management,manager-servicii-de-securitate
management,manager-tehnic
management,manager-sef-departament
management,redactor-sef
management,responsabil-inventar
management,sef-atelier
management,sef-de-asistenta-pentru-clienti
management,sef-dezvoltare-produs
management,seful-controlului
management,supervizor-intretinere
management,supervizor-productie
management,team-leader-lider-de-echipa
managementul-apelor-silvicultura-mediu,agent-districtual-silvicultor
managementul-apelor-silvicultura-mediu,director-silvicultor
managementul-apelor-silvicultura-mediu,ecolog
managementul-apelor-silvicultura-mediu,inginer-in-managementul-apelor
managementul-apelor-silvicultura-mediu,inginer-silvicultor
managementul-apelor-silvicultura-mediu,meteorolog
managementul-apelor-silvicultura-mediu,silvicultor
managementul-apelor-silvicultura-mediu,specialist-in-protectia-mediului-inconjurator
managementul-apelor-silvicultura-mediu,taietor-lemne
managementul-apelor-silvicultura-mediu,tehnician-in-managementul-apelor
managementul-apelor-silvicultura-mediu,tehnician-silvicultor
managementul-calitatii,inginer-calitate
managementul-calitatii,inspector-controlor-calitate
managementul-calitatii,specialist-iso
managementul-calitatii,specialist-planificare-calitate
marketing-publicitate-pr,account-manager
marketing-publicitate-pr,analist-marketing
marketing-publicitate-pr,analist-seo
marketing-publicitate-pr,asistent-executiv
marketing-publicitate-pr,asistent-promotii
marketing-publicitate-pr,copywriter
marketing-publicitate-pr,cumparator-media
marketing-publicitate-pr,designer-web
marketing-publicitate-pr,graphic-designer
marketing-publicitate-pr,manager-marketing-digital
marketing-publicitate-pr,manager-pr
marketing-publicitate-pr,ofiter-de-marketing
marketing-publicitate-pr,operator-dtp
marketing-publicitate-pr,specialist-comunicare-interna
marketing-publicitate-pr,specialist-crm
marketing-publicitate-pr,specialist-in-marketing
marketing-publicitate-pr,specialist-in-programe
marketing-publicitate-pr,specialist-marketing-digital
marketing-publicitate-pr,specialist-ppc
marketing-publicitate-pr,specialist-retele-de-socializare
medicina-si-asistenta-sociala,administrator-servicii-de-sanatate-publica
medicina-si-asistenta-sociala,anesteziolog
medicina-si-asistenta-sociala,asistent-medical
medicina-si-asistenta-sociala,asistent-medical-sef
medicina-si-asistenta-sociala,asistent-medicina-dentara
medicina-si-asistenta-sociala,asistent-nutritionist
medicina-si-asistenta-sociala,asistent-personal
medicina-si-asistenta-sociala,asistent-radiologie
medicina-si-asistenta-sociala,asistent-servicii-medicale
medicina-si-asistenta-sociala,asistent-social
medicina-si-asistenta-sociala,asistent-veterinar
medicina-si-asistenta-sociala,asociat-cercetari-clinice
medicina-si-asistenta-sociala,chirurg
medicina-si-asistenta-sociala,consultant-medical
medicina-si-asistenta-sociala,dentist
medicina-si-asistenta-sociala,doctor
medicina-si-asistenta-sociala,medic-veterinar
medicina-si-asistenta-sociala,doica
medicina-si-asistenta-sociala,farmacist
medicina-si-asistenta-sociala,fizioterapeut
medicina-si-asistenta-sociala,ginecolog
medicina-si-asistenta-sociala,igienist-dentar
medicina-si-asistenta-sociala,infirmier
medicina-si-asistenta-sociala,ingrijitor-de-batrani
medicina-si-asistenta-sociala,internist
medicina-si-asistenta-sociala,kinetoterapeut
medicina-si-asistenta-sociala,logoped
medicina-si-asistenta-sociala,manager-afaceri-normative
medicina-si-asistenta-sociala,manager-institutie-medicala
medicina-si-asistenta-sociala,maseur
medicina-si-asistenta-sociala,medic-rezident
medicina-si-asistenta-sociala,microbiolog
medicina-si-asistenta-sociala,moasa
medicina-si-asistenta-sociala,neurolog
medicina-si-asistenta-sociala,optician
medicina-si-asistenta-sociala,optician-cu-drept-de-prescriere-ochelari
medicina-si-asistenta-sociala,paramedic-de-ambulanta
medicina-si-asistenta-sociala,pediatru
medicina-si-asistenta-sociala,preot
medicina-si-asistenta-sociala,psihiatru
medicina-si-asistenta-sociala,psiholog-in-psihologie-clinica
medicina-si-asistenta-sociala,radiograf
medicina-si-asistenta-sociala,radiolog
medicina-si-asistenta-sociala,registrator-medical
medicina-si-asistenta-sociala,reprezentant-vanzari-medicale-farmaceutice
medicina-si-asistenta-sociala,sofer-de-ambulanta
medicina-si-asistenta-sociala,specialist-in-probleme-normative-si-de-reglementare
medicina-si-asistenta-sociala,specialist-reabilitare-sociala
medicina-si-asistenta-sociala,tehnician-de-laborator-de-farmaceutice
medicina-si-asistenta-sociala,tehnician-de-laborator-medical
medicina-si-asistenta-sociala,tehnician-dentar
medicina-si-asistenta-sociala,tehnician-ortopedic
minerit-metalurgie,inginer-exploatari-miniere
minerit-metalurgie,inginer-metalurg
minerit-metalurgie,metalurg
minerit-metalurgie,miner
minerit-metalurgie,tehnician-in-minerit
minerit-metalurgie,turnator-de-fier
munca-necalificata,bona
munca-necalificata,hostess
munca-necalificata,lucrator
munca-necalificata,lucrator-necalificat
munca-necalificata,operator-studii
munca-necalificata,responsabil-curatenie
munca-necalificata,usier-personal-informatii
productie,ambalator
productie,inginer-depanare
productie,inginer-mentenanta
productie,inginer-procese
productie,inspector-controlor-calitate
productie,lacatus
productie,lucrator
productie,maistru
productie,metalurg
productie,metrolog
productie,montator-asamblor
productie,operator-productie-masinist
productie,pictor-industrial
productie,planificator-productie
productie,reglor-aparatura
productie,reglor-standard-de-productie
productie,sticlar
productie,supervizor-operatiuni
productie,tehnician-depanare
productie,tehnolog
productie,vopsitor-auto
resurse-umane,antrenor
resurse-umane,asistent-resurse-umane
resurse-umane,consultant-cariera
resurse-umane,consultant-resurse-umane
resurse-umane,coordonator-resurse-umane
resurse-umane,inspector-resurse-umane
resurse-umane,lector-formator
resurse-umane,partener-de-afaceri-resurse-umane
resurse-umane,psiholog-in-psihologia-muncii
resurse-umane,specialist-compensatii-si-beneficii
resurse-umane,specialist-in-educatie
resurse-umane,specialist-recrutare
resurse-umane,specialist-resurse-umane
securitate-si-protectie,agent-de-paza
securitate-si-protectie,director-servicii-de-securitate
securitate-si-protectie,inspector-de-politie
securitate-si-protectie,inspector-protectia-muncii
securitate-si-protectie,ofiter-de-politie
securitate-si-protectie,ofiter-in-penitenciar
securitate-si-protectie,pompier
securitate-si-protectie,pompier-salvator
securitate-si-protectie,soldat
securitate-si-protectie,tehnician-serviciu-de-securitate
tansporturi-si-logistica,agent-import-export
tansporturi-si-logistica,comisionar-vamal
tansporturi-si-logistica,controlor-de-trafic-aerian
tansporturi-si-logistica,controlor-logistica
tansporturi-si-logistica,controlor-trafic
tansporturi-si-logistica,coordonator
tansporturi-si-logistica,coordonator-comercial
tansporturi-si-logistica,curier
tansporturi-si-logistica,dispecer
tansporturi-si-logistica,dispecer-trenuri
tansporturi-si-logistica,expeditor
tansporturi-si-logistica,functionar-distributie
tansporturi-si-logistica,functionar-logistica
tansporturi-si-logistica,inginer-trafic
tansporturi-si-logistica,lucrator-depozit
tansporturi-si-logistica,manager-de-achizitii
tansporturi-si-logistica,manager-de-proiect
tansporturi-si-logistica,marinar
tansporturi-si-logistica,mecanic-de-locomotiva
tansporturi-si-logistica,mecanic-de-tren
tansporturi-si-logistica,ofiter-naval
tansporturi-si-logistica,operator-ghiseu
tansporturi-si-logistica,operator-motostivuitoare
tansporturi-si-logistica,organizator-transporturi-maritime
tansporturi-si-logistica,pilot
tansporturi-si-logistica,postas
tansporturi-si-logistica,sofer
tansporturi-si-logistica,sofer-auto
tansporturi-si-logistica,sofer-de-autobuz
tansporturi-si-logistica,sofer-de-camion
tansporturi-si-logistica,sofer-de-tramvai
tansporturi-si-logistica,sofer-de-troleibuz
tansporturi-si-logistica,sofer-de-taxi
tansporturi-si-logistica,supply-chain-specialist
tansporturi-si-logistica,tehnician-aeronave
tansporturi-si-logistica,tehnician-aprovizionare
tehnologia-informatiei,it-helpdesk-technical-support-specialist
tehnologia-informatiei,administrator-baze-de-date
tehnologia-informatiei,administrator-de-retea-it
tehnologia-informatiei,administrator-de-sistem
tehnologia-informatiei,administrator-de-sistem-it
tehnologia-informatiei,agile-coach
tehnologia-informatiei,analist-baze-de-date
tehnologia-informatiei,analist-it
tehnologia-informatiei,arhitect-de-solutii
tehnologia-informatiei,arhitect-it
tehnologia-informatiei,auditor-it
tehnologia-informatiei,autor-manuale-tehnice
tehnologia-informatiei,backend-developer
tehnologia-informatiei,consultant-it
tehnologia-informatiei,consultant-sap
tehnologia-informatiei,data-scientist
tehnologia-informatiei,designer-de-jocuri
tehnologia-informatiei,designer-ux
tehnologia-informatiei,designer-web
tehnologia-informatiei,expert-experienta-utilizatori
tehnologia-informatiei,frontend-developer
tehnologia-informatiei,game-developer
tehnologia-informatiei,go-dezvoltator
tehnologia-informatiei,inginer-de-proiectare-ic
tehnologia-informatiei,inginer-de-sistem
tehnologia-informatiei,inginer-depanare
tehnologia-informatiei,inginer-devops
tehnologia-informatiei,inginer-inteligenta-artificiala
tehnologia-informatiei,inginer-rpa
tehnologia-informatiei,inginer-software
tehnologia-informatiei,it-business-analyst
tehnologia-informatiei,lead-developer
tehnologia-informatiei,manager-de-incidente
tehnologia-informatiei,manager-de-proiect-it
tehnologia-informatiei,manager-produs-it
tehnologia-informatiei,programator
tehnologia-informatiei,dezvoltator-aplicatii-android
tehnologia-informatiei,dezvoltator-aplicatii-ios
tehnologia-informatiei,programator-dotnet
tehnologia-informatiei,programator-abap
tehnologia-informatiei,programator-aspdotnet
tehnologia-informatiei,programator-c
tehnologia-informatiei,programator-csharp
tehnologia-informatiei,programator-cpp
tehnologia-informatiei,programator-java
tehnologia-informatiei,programator-javascript
tehnologia-informatiei,programator-objective-c
tehnologia-informatiei,programator-oracle
tehnologia-informatiei,programator-php
tehnologia-informatiei,programator-perl
tehnologia-informatiei,programator-python
tehnologia-informatiei,programator-microcontroler
tehnologia-informatiei,r-programator
tehnologia-informatiei,ruby-developer-programmer
tehnologia-informatiei,programator-erp
tehnologia-informatiei,qa-analyst-it-tester
tehnologia-informatiei,specialist-informatii-din-domeniul-afacerilor
tehnologia-informatiei,specialist-sap
tehnologia-informatiei,specialist-scrum
tehnologia-informatiei,specialist-securitate-it
tehnologia-informatiei,sre-inginer-fiabilitate-site
tehnologia-informatiei,tehnician-cazino-online
tehnologia-informatiei,tehnician-depanare
tehnologia-informatiei,tehnician-pc
tehnologia-informatiei,tester-it-teste-automate
tehnologia-informatiei,webmaster
tehnologie-dezvoltare,director-departament-tehnic
tehnologie-dezvoltare,inginer-procese
tehnologie-dezvoltare,manager-tehnic
tehnologie-dezvoltare,personal-tehnic
tehnologie-dezvoltare,tehnician-service-echipamente-de-joc
telecomunicatii,postas
telecomunicatii,proiectant-retele-de-telecomunicatii
telecomunicatii,specialist-analiza-si-dezvoltare-retea-de-transmisie
telecomunicatii,specialist-dezvoltare-produse-de-telecomunicatii
telecomunicatii,specialist-dezvoltare-retea-de-distributie
telecomunicatii,specialist-dezvoltare-retea-de-telecomunicatii-mobile
telecomunicatii,specialist-dezvoltare-servicii-de-telecomunicatii
telecomunicatii,specialist-ict
telecomunicatii,specialist-in-telecomunicatii
telecomunicatii,specialist-modelare-retea
telecomunicatii,specialist-operare-retele-si-semnal
telecomunicatii,specialist-optimizare-retele-radio
telecomunicatii,specialist-oss-bss
telecomunicatii,specialist-planificare-retele-radio
telecomunicatii,specialist-roaming
telecomunicatii,specialist-strategie-retea
telecomunicatii,specialist-testare-statie-de-date
telecomunicatii,tehnician
textile-pielarie-confectii,creator-de-moda-taietor-de-tipare
textile-pielarie-confectii,croitor
textile-pielarie-confectii,cusator
textile-pielarie-confectii,pantofar
textile-pielarie-confectii,taietor-de-materiale-textile
textile-pielarie-confectii,tehnolog-imbracaminte-textile
traduceri-si-interpretariat,corector
traduceri-si-interpretariat,interpret
traduceri-si-interpretariat,translator
turism-gastronomie-industria-hoteliera,administrator-cladire
turism-gastronomie-industria-hoteliera,ajutator-in-bucatarie
turism-gastronomie-industria-hoteliera,asistent-de-bucatar
turism-gastronomie-industria-hoteliera,asistent-de-zbor
turism-gastronomie-industria-hoteliera,barman
turism-gastronomie-industria-hoteliera,bucatar
turism-gastronomie-industria-hoteliera,bucatar-sef
turism-gastronomie-industria-hoteliera,camerista
turism-gastronomie-industria-hoteliera,chelner
turism-gastronomie-industria-hoteliera,chelner-servire-in-camera
turism-gastronomie-industria-hoteliera,consultant-turism-agent-de-turism
turism-gastronomie-industria-hoteliera,crupier
turism-gastronomie-industria-hoteliera,ghid-turistic
turism-gastronomie-industria-hoteliera,hamal
turism-gastronomie-industria-hoteliera,instructor-activitati
turism-gastronomie-industria-hoteliera,lucrator-in-restaurant-de-tip-fast-food
turism-gastronomie-industria-hoteliera,lucrator-operational-housekeeping
turism-gastronomie-industria-hoteliera,manager-catering
turism-gastronomie-industria-hoteliera,manager-cazari
turism-gastronomie-industria-hoteliera,manager-de-magazin-operatiuni
turism-gastronomie-industria-hoteliera,muncitor-la-restaurant
turism-gastronomie-industria-hoteliera,pizzer
turism-gastronomie-industria-hoteliera,receptioner
turism-gastronomie-industria-hoteliera,salvamar-instructor-de-inot
turism-gastronomie-industria-hoteliera,sef-echipaj
turism-gastronomie-industria-hoteliera,somelier
turism-gastronomie-industria-hoteliera,terapeut-centru-spa