meserie,anunturi,anunturi_baza_nedeclarata,lunar_explicit,lunar_presupus,angajatori,judete,platforme,status,lipsuri
pilot,0,0,0,0,0,0,0,no_verified_ads,too_few_ads|too_few_known_employers|too_few_known_counties|single_source|too_few_explicit_monthly
notar,0,0,0,0,0,0,0,no_verified_ads,too_few_ads|too_few_known_employers|too_few_known_counties|single_source|too_few_explicit_monthly
devops-engineer,0,0,0,0,0,0,0,no_verified_ads,too_few_ads|too_few_known_employers|too_few_known_counties|single_source|too_few_explicit_monthly
programator,2,4,2,0,2,0,2,insufficient,too_few_ads|too_few_known_employers|too_few_known_counties|employer_concentration|too_few_explicit_monthly|source_sensitivity
inginer-petrol,0,0,0,0,0,0,0,no_verified_ads,too_few_ads|too_few_known_employers|too_few_known_counties|single_source|too_few_explicit_monthly
web-developer,0,0,0,0,0,0,0,no_verified_ads,too_few_ads|too_few_known_employers|too_few_known_counties|single_source|too_few_explicit_monthly
consultant-management,0,0,0,0,0,0,0,no_verified_ads,too_few_ads|too_few_known_employers|too_few_known_counties|single_source|too_few_explicit_monthly
avocat,1,0,1,0,1,0,1,insufficient,too_few_ads|too_few_known_employers|too_few_known_counties|single_source|employer_concentration|source_concentration|too_few_explicit_monthly
inginer-electronist,1,0,1,0,1,0,1,insufficient,too_few_ads|too_few_known_employers|too_few_known_counties|single_source|employer_concentration|source_concentration|too_few_explicit_monthly
judecator,0,0,0,0,0,0,0,no_verified_ads,too_few_ads|too_few_known_employers|too_few_known_counties|single_source|too_few_explicit_monthly
operator-rafinarie,0,0,0,0,0,0,0,no_verified_ads,too_few_ads|too_few_known_employers|too_few_known_counties|single_source|too_few_explicit_monthly
inginer-auto,0,1,0,0,0,0,0,no_verified_ads,too_few_ads|too_few_known_employers|too_few_known_counties|single_source|too_few_explicit_monthly
inginer-telecomunicatii,0,0,0,0,0,0,0,no_verified_ads,too_few_ads|too_few_known_employers|too_few_known_counties|single_source|too_few_explicit_monthly
analist-date,0,0,0,0,0,0,0,no_verified_ads,too_few_ads|too_few_known_employers|too_few_known_counties|single_source|too_few_explicit_monthly
procuror,0,1,0,0,0,0,0,no_verified_ads,too_few_ads|too_few_known_employers|too_few_known_counties|single_source|too_few_explicit_monthly
inginer-energetician,0,0,0,0,0,0,0,no_verified_ads,too_few_ads|too_few_known_employers|too_few_known_counties|single_source|too_few_explicit_monthly
sofer-tir,7,15,4,3,5,6,2,insufficient,too_few_ads|too_few_known_employers|employer_concentration|too_few_explicit_monthly|pay_period_sensitivity
consultant-financiar,0,1,0,0,0,0,0,no_verified_ads,too_few_ads|too_few_known_employers|too_few_known_counties|single_source|too_few_explicit_monthly
auditor,2,2,2,0,2,0,1,insufficient,too_few_ads|too_few_known_employers|too_few_known_counties|single_source|employer_concentration|source_concentration|too_few_explicit_monthly
stomatolog,0,0,0,0,0,0,0,no_verified_ads,too_few_ads|too_few_known_employers|too_few_known_counties|single_source|too_few_explicit_monthly
cercetator,0,0,0,0,0,0,0,no_verified_ads,too_few_ads|too_few_known_employers|too_few_known_counties|single_source|too_few_explicit_monthly
inginer-aeronautic,0,0,0,0,0,0,0,no_verified_ads,too_few_ads|too_few_known_employers|too_few_known_counties|single_source|too_few_explicit_monthly
arhitect,0,2,0,0,0,0,0,no_verified_ads,too_few_ads|too_few_known_employers|too_few_known_counties|single_source|too_few_explicit_monthly
administrator-sistem,0,1,0,0,0,0,0,no_verified_ads,too_few_ads|too_few_known_employers|too_few_known_counties|single_source|too_few_explicit_monthly
sondor,0,0,0,0,0,0,0,no_verified_ads,too_few_ads|too_few_known_employers|too_few_known_counties|single_source|too_few_explicit_monthly
profesor-universitar,0,0,0,0,0,0,0,no_verified_ads,too_few_ads|too_few_known_employers|too_few_known_counties|single_source|too_few_explicit_monthly
farmacist-industrie,0,0,0,0,0,0,0,no_verified_ads,too_few_ads|too_few_known_employers|too_few_known_counties|single_source|too_few_explicit_monthly
jurnalist,0,1,0,0,0,0,0,no_verified_ads,too_few_ads|too_few_known_employers|too_few_known_counties|single_source|too_few_explicit_monthly
analist-financiar,0,1,0,0,0,0,0,no_verified_ads,too_few_ads|too_few_known_employers|too_few_known_counties|single_source|too_few_explicit_monthly
tester-qa,0,1,0,0,0,0,0,no_verified_ads,too_few_ads|too_few_known_employers|too_few_known_counties|single_source|too_few_explicit_monthly
regizor,0,0,0,0,0,0,0,no_verified_ads,too_few_ads|too_few_known_employers|too_few_known_counties|single_source|too_few_explicit_monthly
electrician-centrala,0,0,0,0,0,0,0,no_verified_ads,too_few_ads|too_few_known_employers|too_few_known_counties|single_source|too_few_explicit_monthly
inginer,37,67,31,6,34,8,5,advertised_interval,
traducator,0,0,0,0,0,0,0,no_verified_ads,too_few_ads|too_few_known_employers|too_few_known_counties|single_source|too_few_explicit_monthly
insotitor-de-bord,0,0,0,0,0,0,0,no_verified_ads,too_few_ads|too_few_known_employers|too_few_known_counties|single_source|too_few_explicit_monthly
miner,0,0,0,0,0,0,0,no_verified_ads,too_few_ads|too_few_known_employers|too_few_known_counties|single_source|too_few_explicit_monthly
consilier-juridic,1,5,1,0,1,1,1,insufficient,too_few_ads|too_few_known_employers|too_few_known_counties|single_source|employer_concentration|source_concentration|too_few_explicit_monthly
agent-asigurari,0,1,0,0,0,0,0,no_verified_ads,too_few_ads|too_few_known_employers|too_few_known_counties|single_source|too_few_explicit_monthly
manager-magazin,4,2,4,0,3,0,2,insufficient,too_few_ads|too_few_known_employers|too_few_known_counties|employer_concentration|too_few_explicit_monthly|source_sensitivity
medic,0,5,0,0,0,0,0,no_verified_ads,too_few_ads|too_few_known_employers|too_few_known_counties|single_source|too_few_explicit_monthly
agent-vanzari,31,76,29,2,30,4,4,insufficient,too_few_known_counties|source_sensitivity
tehnician-mentenanta,7,4,2,5,6,5,4,insufficient,too_few_ads|too_few_known_employers|too_few_explicit_monthly
mecanic-locomotiva,0,0,0,0,0,0,0,no_verified_ads,too_few_ads|too_few_known_employers|too_few_known_counties|single_source|too_few_explicit_monthly
silvicultor,0,0,0,0,0,0,0,no_verified_ads,too_few_ads|too_few_known_employers|too_few_known_counties|single_source|too_few_explicit_monthly
broker,0,0,0,0,0,0,0,no_verified_ads,too_few_ads|too_few_known_employers|too_few_known_counties|single_source|too_few_explicit_monthly
cameraman,0,0,0,0,0,0,0,no_verified_ads,too_few_ads|too_few_known_employers|too_few_known_counties|single_source|too_few_explicit_monthly
operator-cnc,11,7,5,6,9,9,3,insufficient,too_few_ads|too_few_known_employers|too_few_explicit_monthly|pay_period_sensitivity|source_sensitivity
specialist-marketing,1,6,1,0,1,0,1,insufficient,too_few_ads|too_few_known_employers|too_few_known_counties|single_source|employer_concentration|source_concentration|too_few_explicit_monthly
inginer-agronom,0,1,0,0,0,0,0,no_verified_ads,too_few_ads|too_few_known_employers|too_few_known_counties|single_source|too_few_explicit_monthly
muzician,0,0,0,0,0,0,0,no_verified_ads,too_few_ads|too_few_known_employers|too_few_known_counties|single_source|too_few_explicit_monthly
metalurgist,0,0,0,0,0,0,0,no_verified_ads,too_few_ads|too_few_known_employers|too_few_known_counties|single_source|too_few_explicit_monthly
electrician,50,53,20,30,45,12,5,advertised_interval,
constructor-drumuri,0,1,0,0,0,0,0,no_verified_ads,too_few_ads|too_few_known_employers|too_few_known_counties|single_source|too_few_explicit_monthly
ofiter-credite,0,2,0,0,0,0,0,no_verified_ads,too_few_ads|too_few_known_employers|too_few_known_counties|single_source|too_few_explicit_monthly
instalator,38,41,18,20,28,7,5,advertised_interval,
agent-turism,0,1,0,0,0,0,0,no_verified_ads,too_few_ads|too_few_known_employers|too_few_known_counties|single_source|too_few_explicit_monthly
specialist-resurse-umane,0,5,0,0,0,0,0,no_verified_ads,too_few_ads|too_few_known_employers|too_few_known_counties|single_source|too_few_explicit_monthly
logistician,8,8,7,1,8,1,3,insufficient,too_few_ads|too_few_known_employers|too_few_known_counties|too_few_explicit_monthly
operator-mase-plastice,3,1,0,3,3,3,1,insufficient,too_few_ads|too_few_known_employers|too_few_known_counties|single_source|employer_concentration|source_concentration|too_few_explicit_monthly
faiantar,1,3,0,1,1,1,1,insufficient,too_few_ads|too_few_known_employers|too_few_known_counties|single_source|employer_concentration|source_concentration|too_few_explicit_monthly
contabil,30,22,26,4,29,4,5,insufficient,too_few_known_counties
designer-grafic,4,1,2,2,3,2,3,insufficient,too_few_ads|too_few_known_employers|too_few_known_counties|employer_concentration|too_few_explicit_monthly
sudor,13,20,6,7,9,8,4,insufficient,too_few_ads|too_few_known_employers|too_few_explicit_monthly
sofer-autobuz,0,0,0,0,0,0,0,no_verified_ads,too_few_ads|too_few_known_employers|too_few_known_counties|single_source|too_few_explicit_monthly
electromecanic,13,7,7,6,11,4,3,insufficient,too_few_ads|too_few_known_counties|employer_concentration|too_few_explicit_monthly
agent-imobiliar,0,2,0,0,0,0,0,no_verified_ads,too_few_ads|too_few_known_employers|too_few_known_counties|single_source|too_few_explicit_monthly
tehnician-dentar,0,1,0,0,0,0,0,no_verified_ads,too_few_ads|too_few_known_employers|too_few_known_counties|single_source|too_few_explicit_monthly
editor,1,4,1,0,1,0,1,insufficient,too_few_ads|too_few_known_employers|too_few_known_counties|single_source|employer_concentration|source_concentration|too_few_explicit_monthly
asistent-medical,7,13,6,1,5,4,3,insufficient,too_few_ads|too_few_known_employers|too_few_known_counties|too_few_explicit_monthly
operator-chimist,0,0,0,0,0,0,0,no_verified_ads,too_few_ads|too_few_known_employers|too_few_known_counties|single_source|too_few_explicit_monthly
sticlar,0,3,0,0,0,0,0,no_verified_ads,too_few_ads|too_few_known_employers|too_few_known_counties|single_source|too_few_explicit_monthly
dulgher,6,9,2,4,6,5,2,insufficient,too_few_ads|too_few_known_employers|too_few_explicit_monthly
medic-rezident,0,0,0,0,0,0,0,no_verified_ads,too_few_ads|too_few_known_employers|too_few_known_counties|single_source|too_few_explicit_monthly
actor,0,0,0,0,0,0,0,no_verified_ads,too_few_ads|too_few_known_employers|too_few_known_counties|single_source|too_few_explicit_monthly
operator-epurare,0,1,0,0,0,0,0,no_verified_ads,too_few_ads|too_few_known_employers|too_few_known_counties|single_source|too_few_explicit_monthly
zugrav,1,10,1,0,1,1,1,insufficient,too_few_ads|too_few_known_employers|too_few_known_counties|single_source|employer_concentration|source_concentration|too_few_explicit_monthly
operator-statie-apa,0,0,0,0,0,0,0,no_verified_ads,too_few_ads|too_few_known_employers|too_few_known_counties|single_source|too_few_explicit_monthly
operator-productie,33,6,1,32,22,12,5,insufficient,too_few_explicit_monthly
bucatar,18,30,12,6,12,6,5,insufficient,too_few_ads|source_sensitivity
kinetoterapeut,0,4,0,0,0,0,0,no_verified_ads,too_few_ads|too_few_known_employers|too_few_known_counties|single_source|too_few_explicit_monthly
zidar,0,14,0,0,0,0,0,no_verified_ads,too_few_ads|too_few_known_employers|too_few_known_counties|single_source|too_few_explicit_monthly
tipograf,0,2,0,0,0,0,0,no_verified_ads,too_few_ads|too_few_known_employers|too_few_known_counties|single_source|too_few_explicit_monthly
marinar,0,0,0,0,0,0,0,no_verified_ads,too_few_ads|too_few_known_employers|too_few_known_counties|single_source|too_few_explicit_monthly
sofer-ambulanta,0,0,0,0,0,0,0,no_verified_ads,too_few_ads|too_few_known_employers|too_few_known_counties|single_source|too_few_explicit_monthly
bijutier,1,1,0,1,1,1,1,insufficient,too_few_ads|too_few_known_employers|too_few_known_counties|single_source|employer_concentration|source_concentration|too_few_explicit_monthly
profesor,0,4,0,0,0,0,0,no_verified_ads,too_few_ads|too_few_known_employers|too_few_known_counties|single_source|too_few_explicit_monthly
medic-veterinar,2,3,1,1,2,1,2,insufficient,too_few_ads|too_few_known_employers|too_few_known_counties|employer_concentration|too_few_explicit_monthly|pay_period_sensitivity|source_sensitivity
muncitor-industria-alimentara,0,0,0,0,0,0,0,no_verified_ads,too_few_ads|too_few_known_employers|too_few_known_counties|single_source|too_few_explicit_monthly
constructor,19,28,8,11,15,7,5,insufficient,too_few_ads|too_few_explicit_monthly|pay_period_sensitivity|source_sensitivity
crupier,0,1,0,0,0,0,0,no_verified_ads,too_few_ads|too_few_known_employers|too_few_known_counties|single_source|too_few_explicit_monthly
farmacist,1,4,0,1,1,1,1,insufficient,too_few_ads|too_few_known_employers|too_few_known_counties|single_source|employer_concentration|source_concentration|too_few_explicit_monthly
mecanic-auto,6,15,5,1,5,2,4,insufficient,too_few_ads|too_few_known_employers|too_few_known_counties|too_few_explicit_monthly|pay_period_sensitivity|source_sensitivity
operator-call-center,10,9,9,1,10,2,4,insufficient,too_few_ads|too_few_known_counties|too_few_explicit_monthly|source_sensitivity
tesator,0,0,0,0,0,0,0,no_verified_ads,too_few_ads|too_few_known_employers|too_few_known_counties|single_source|too_few_explicit_monthly
psiholog,0,0,0,0,0,0,0,no_verified_ads,too_few_ads|too_few_known_employers|too_few_known_counties|single_source|too_few_explicit_monthly
taximetrist,0,0,0,0,0,0,0,no_verified_ads,too_few_ads|too_few_known_employers|too_few_known_counties|single_source|too_few_explicit_monthly
invatator,1,2,1,0,1,0,1,insufficient,too_few_ads|too_few_known_employers|too_few_known_counties|single_source|employer_concentration|source_concentration|too_few_explicit_monthly
tamplar,7,11,1,6,6,5,3,insufficient,too_few_ads|too_few_known_employers|too_few_explicit_monthly
cosmetician,3,3,2,1,2,1,1,insufficient,too_few_ads|too_few_known_employers|too_few_known_counties|single_source|employer_concentration|source_concentration|too_few_explicit_monthly
secretar,21,14,16,5,17,4,5,insufficient,too_few_ads|too_few_known_counties|source_sensitivity
educator,2,3,1,1,1,1,2,insufficient,too_few_ads|too_few_known_employers|too_few_known_counties|employer_concentration|too_few_explicit_monthly
fermier,0,0,0,0,0,0,0,no_verified_ads,too_few_ads|too_few_known_employers|too_few_known_counties|single_source|too_few_explicit_monthly
militar,1,0,1,0,1,0,1,insufficient,too_few_ads|too_few_known_employers|too_few_known_counties|single_source|employer_concentration|source_concentration|too_few_explicit_monthly
politist,0,0,0,0,0,0,0,no_verified_ads,too_few_ads|too_few_known_employers|too_few_known_counties|single_source|too_few_explicit_monthly
receptioner-hotel,2,1,1,1,2,1,2,insufficient,too_few_ads|too_few_known_employers|too_few_known_counties|employer_concentration|too_few_explicit_monthly
antrenor-sportiv,0,0,0,0,0,0,0,no_verified_ads,too_few_ads|too_few_known_employers|too_few_known_counties|single_source|too_few_explicit_monthly
cizmar,0,0,0,0,0,0,0,no_verified_ads,too_few_ads|too_few_known_employers|too_few_known_counties|single_source|too_few_explicit_monthly
cofetar,7,4,1,6,6,4,4,insufficient,too_few_ads|too_few_known_employers|too_few_known_counties|too_few_explicit_monthly|source_sensitivity
fizioterapeut,0,1,0,0,0,0,0,no_verified_ads,too_few_ads|too_few_known_employers|too_few_known_counties|single_source|too_few_explicit_monthly
frizer,2,9,1,1,1,1,1,insufficient,too_few_ads|too_few_known_employers|too_few_known_counties|single_source|employer_concentration|source_concentration|too_few_explicit_monthly
pompier,0,2,0,0,0,0,0,no_verified_ads,too_few_ads|too_few_known_employers|too_few_known_counties|single_source|too_few_explicit_monthly
postas,0,0,0,0,0,0,0,no_verified_ads,too_few_ads|too_few_known_employers|too_few_known_counties|single_source|too_few_explicit_monthly
barman,8,14,5,3,6,4,3,insufficient,too_few_ads|too_few_known_employers|too_few_known_counties|employer_concentration|too_few_explicit_monthly
operator-salubritate,0,0,0,0,0,0,0,no_verified_ads,too_few_ads|too_few_known_employers|too_few_known_counties|single_source|too_few_explicit_monthly
tapiter,1,0,0,1,1,1,1,insufficient,too_few_ads|too_few_known_employers|too_few_known_counties|single_source|employer_concentration|source_concentration|too_few_explicit_monthly
casier,39,46,8,31,21,8,4,insufficient,too_few_explicit_monthly
tehnician-calculatoare,0,0,0,0,0,0,0,no_verified_ads,too_few_ads|too_few_known_employers|too_few_known_counties|single_source|too_few_explicit_monthly
curier,9,4,6,3,4,4,5,insufficient,too_few_ads|too_few_known_employers|too_few_known_counties|employer_concentration|too_few_explicit_monthly|source_sensitivity
pescar,0,0,0,0,0,0,0,no_verified_ads,too_few_ads|too_few_known_employers|too_few_known_counties|single_source|too_few_explicit_monthly
asistent-farmacie,1,0,0,1,1,1,1,insufficient,too_few_ads|too_few_known_employers|too_few_known_counties|single_source|employer_concentration|source_concentration|too_few_explicit_monthly
agent-paza,5,3,0,5,2,3,3,insufficient,too_few_ads|too_few_known_employers|too_few_known_counties|too_few_explicit_monthly
vanzator,82,129,16,66,43,19,6,advertised_interval,
chelner,17,19,11,6,13,5,4,insufficient,too_few_ads
functionar-public,0,0,0,0,0,0,0,no_verified_ads,too_few_ads|too_few_known_employers|too_few_known_counties|single_source|too_few_explicit_monthly
croitor,1,6,0,1,1,1,1,insufficient,too_few_ads|too_few_known_employers|too_few_known_counties|single_source|employer_concentration|source_concentration|too_few_explicit_monthly
asistent-social,0,0,0,0,0,0,0,no_verified_ads,too_few_ads|too_few_known_employers|too_few_known_counties|single_source|too_few_explicit_monthly
instructor-auto,0,0,0,0,0,0,0,no_verified_ads,too_few_ads|too_few_known_employers|too_few_known_counties|single_source|too_few_explicit_monthly
agent-curatenie,19,29,6,13,10,7,5,insufficient,too_few_ads|too_few_explicit_monthly
ingrijitor-batrani,1,0,1,0,1,1,1,insufficient,too_few_ads|too_few_known_employers|too_few_known_counties|single_source|employer_concentration|source_concentration|too_few_explicit_monthly
infirmier,2,8,2,0,2,2,1,insufficient,too_few_ads|too_few_known_employers|too_few_known_counties|single_source|employer_concentration|source_concentration|too_few_explicit_monthly
bibliotecar,0,0,0,0,0,0,0,no_verified_ads,too_few_ads|too_few_known_employers|too_few_known_counties|single_source|too_few_explicit_monthly
preot,0,0,0,0,0,0,0,no_verified_ads,too_few_ads|too_few_known_employers|too_few_known_counties|single_source|too_few_explicit_monthly
